{
    "fields": {
        "name": {
            "type": "varchar",
            "required": true,
            "trim": true
        },
        "order": {
            "type": "int",
            "required": true,
            "default": 1
        },
        "description": {
            "type": "text"
        },
        "createdAt": {
            "type": "datetime",
            "readOnly": true
        },
        "modifiedAt": {
            "type": "datetime",
            "readOnly": true
        },
        "createdBy": {
            "type": "link",
            "readOnly": true,
            "view": "views/fields/user"
        },
        "modifiedBy": {
            "type": "link",
            "readOnly": true,
            "view": "views/fields/user"
        },
        "teams": {
            "type": "linkMultiple"
        },
        "parent": {
            "type": "link"
        },
        "childList": {
            "type": "jsonArray",
            "notStorable": true,
            "disabled": true
        }
    },
    "links": {
        "createdBy": {
            "type": "belongsTo",
            "entity": "User"
        },
        "modifiedBy": {
            "type": "belongsTo",
            "entity": "User"
        },
        "teams": {
            "type": "hasMany",
            "entity": "Team",
            "relationName": "EntityTeam",
            "layoutRelationshipsDisabled": true
        },
        "parent": {
            "type": "belongsTo",
            "foreign": "children",
            "entity": "{entityType}",
            "isCustom": true
        },
        "children": {
            "type": "hasMany",
            "foreign": "parent",
            "entity": "{entityType}",
            "isCustom": true
        }
    },
    "collection": {
        "sortBy": "parent",
        "asc": true
    },
    "indexes": {
        "name": {
            "columns": [
                "name",
                "deleted"
            ]
        }
    },
    "additionalTables": {
        "{entityType}Path": {
            "fields": {
                "id": {
                    "type": "id",
                    "dbType": "int",
                    "len": "11",
                    "autoincrement": true,
                    "unique" : true
                },
                "ascendorId": {
                    "type": "varchar",
                    "len": "100",
                    "index": true
                },
                "descendorId": {
                    "type": "varchar",
                    "len": "24",
                    "index": true
                }
            }
        }
    }
}